Type,Precision (P),Recall (R),Residual Recall (R+),F1,"# of TP","# of FP","# of FN","# of Correspondences",Time
ALL,0.7647058823529411,0.8666666666666667,0.75,0.8125,13,4,2,17,0
CLASSES,0.8333333333333334,0.9090909090909091,0.75,0.8695652173913043,10,2,1,12,-
PROPERTIES,0.6,0.75,0.75,0.6666666666666665,3,2,1,5,-
INSTANCES,0.0,0.0,0.0,0.0,0,0,0,0,-
