Type,Precision (P),Recall (R),Residual Recall (R+),F1,"# of TP","# of FP","# of FN","# of Correspondences",Time
ALL,0.47058823529411764,0.5333333333333333,0.125,0.5,8,9,7,17,0
CLASSES,0.47058823529411764,0.7272727272727273,0.25,0.5714285714285714,8,9,3,17,-
PROPERTIES,0.0,0.0,0.0,0.0,0,0,4,0,-
INSTANCES,0.0,0.0,0.0,0.0,0,0,0,0,-
