Type,Precision (P),Recall (R),Residual Recall (R+),F1,"# of TP","# of FP","# of FN","# of Correspondences",Time
ALL,0.8,0.8,0.7272727272727273,0.8000000000000002,12,3,3,15,0
CLASSES,0.7857142857142857,0.9166666666666666,0.875,0.8461538461538461,11,3,1,14,-
PROPERTIES,1.0,0.3333333333333333,0.3333333333333333,0.5,1,0,2,1,-
INSTANCES,0.0,0.0,0.0,0.0,0,0,0,0,-
