Type,Precision (P),Recall (R),Residual Recall (R+),F1,"# of TP","# of FP","# of FN","# of Correspondences",Time
ALL,0.7777777777777778,0.8235294117647058,0.7,0.7999999999999999,14,4,3,18,0
CLASSES,0.8571428571428571,0.8571428571428571,0.7142857142857143,0.8571428571428571,12,2,2,14,-
PROPERTIES,0.5,0.6666666666666666,0.6666666666666666,0.5714285714285715,2,2,1,4,-
INSTANCES,0.0,0.0,0.0,0.0,0,0,0,0,-
