Type,Precision (P),Recall (R),Residual Recall (R+),F1,"# of TP","# of FP","# of FN","# of Correspondences",Time
ALL,0.8125,0.8666666666666667,0.75,0.8387096774193549,13,3,2,16,0
CLASSES,0.9090909090909091,0.9090909090909091,0.75,0.9090909090909091,10,1,1,11,-
PROPERTIES,0.6,0.75,0.75,0.6666666666666665,3,2,1,5,-
INSTANCES,0.0,0.0,0.0,0.0,0,0,0,0,-
