Type,Precision (P),Recall (R),Residual Recall (R+),F1,"# of TP","# of FP","# of FN","# of Correspondences",Time
ALL,0.22641509433962265,0.5217391304347826,0.21428571428571427,0.3157894736842105,12,41,11,53,0
CLASSES,0.22641509433962265,0.631578947368421,0.3,0.3333333333333333,12,41,7,53,-
PROPERTIES,0.0,0.0,0.0,0.0,0,0,4,0,-
INSTANCES,0.0,0.0,0.0,0.0,0,0,0,0,-
