Type,Precision (P),Recall (R),Residual Recall (R+),F1,"# of TP","# of FP","# of FN","# of Correspondences",Time
ALL,0.7857142857142857,0.9166666666666666,0.6666666666666666,0.8461538461538461,11,3,1,14,0
CLASSES,0.75,0.9,0.5,0.8181818181818182,9,3,1,12,-
PROPERTIES,1.0,1.0,1.0,1.0,2,0,0,2,-
INSTANCES,0.0,0.0,0.0,0.0,0,0,0,0,-
