Type,Precision (P),Recall (R),Residual Recall (R+),F1,"# of TP","# of FP","# of FN","# of Correspondences",Time
ALL,0.3333333333333333,0.7777777777777778,0.6,0.4666666666666666,7,14,2,21,0
CLASSES,0.3333333333333333,0.7777777777777778,0.6,0.4666666666666666,7,14,2,21,-
PROPERTIES,0.0,0.0,0.0,0.0,0,0,0,0,-
INSTANCES,0.0,0.0,0.0,0.0,0,0,0,0,-
