Type,Precision (P),Recall (R),Residual Recall (R+),F1,"# of TP","# of FP","# of FN","# of Correspondences",Time
ALL,0.4166666666666667,0.9090909090909091,0.75,0.5714285714285715,10,14,1,24,0
CLASSES,0.4166666666666667,0.9090909090909091,0.75,0.5714285714285715,10,14,1,24,-
PROPERTIES,0.0,0.0,0.0,0.0,0,0,0,0,-
INSTANCES,0.0,0.0,0.0,0.0,0,0,0,0,-
