Type,Precision (P),Recall (R),Residual Recall (R+),F1,"# of TP","# of FP","# of FN","# of Correspondences",Time
ALL,0.782608695652174,0.782608695652174,0.6428571428571429,0.782608695652174,18,5,5,23,0
CLASSES,0.8421052631578947,0.8421052631578947,0.7,0.8421052631578947,16,3,3,19,-
PROPERTIES,0.5,0.5,0.5,0.5,2,2,2,4,-
INSTANCES,0.0,0.0,0.0,0.0,0,0,0,0,-
