Type,Precision (P),Recall (R),Residual Recall (R+),F1,"# of TP","# of FP","# of FN","# of Correspondences",Time
ALL,0.6666666666666666,0.5263157894736842,0.1111111111111111,0.5882352941176471,10,5,9,15,0
CLASSES,0.6666666666666666,0.7142857142857143,0.2,0.689655172413793,10,5,4,15,-
PROPERTIES,0.0,0.0,0.0,0.0,0,0,5,0,-
INSTANCES,0.0,0.0,0.0,0.0,0,0,0,0,-
