Type,Precision (P),Recall (R),Residual Recall (R+),F1,"# of TP","# of FP","# of FN","# of Correspondences",Time
ALL,0.5714285714285714,0.5333333333333333,0.125,0.5517241379310344,8,6,7,14,0
CLASSES,0.5714285714285714,0.7272727272727273,0.25,0.64,8,6,3,14,-
PROPERTIES,0.0,0.0,0.0,0.0,0,0,4,0,-
INSTANCES,0.0,0.0,0.0,0.0,0,0,0,0,-
