Type,Precision (P),Recall (R),Residual Recall (R+),F1,"# of TP","# of FP","# of FN","# of Correspondences",Time
ALL,0.7777777777777778,0.7368421052631579,0.4444444444444444,0.7567567567567567,14,4,5,18,0
CLASSES,0.8571428571428571,0.8571428571428571,0.6,0.8571428571428571,12,2,2,14,-
PROPERTIES,0.5,0.4,0.25,0.4444444444444445,2,2,3,4,-
INSTANCES,0.0,0.0,0.0,0.0,0,0,0,0,-
