Type,Precision (P),Recall (R),Residual Recall (R+),F1,"# of TP","# of FP","# of FN","# of Correspondences",Time
ALL,0.2692307692307692,0.6363636363636364,0.3333333333333333,0.37837837837837834,7,19,4,26,0
CLASSES,0.2692307692307692,0.875,0.6666666666666666,0.411764705882353,7,19,1,26,-
PROPERTIES,0.0,0.0,0.0,0.0,0,0,3,0,-
INSTANCES,0.0,0.0,0.0,0.0,0,0,0,0,-
