Type,Precision (P),Recall (R),Residual Recall (R+),F1,"# of TP","# of FP","# of FN","# of Correspondences",Time
ALL,0.8421052631578947,0.8421052631578947,0.75,0.8421052631578947,16,3,3,19,0
CLASSES,0.8421052631578947,0.8421052631578947,0.75,0.8421052631578947,16,3,3,19,-
PROPERTIES,0.0,0.0,0.0,0.0,0,0,0,0,-
INSTANCES,0.0,0.0,0.0,0.0,0,0,0,0,-
