Type,Precision (P),Recall (R),Residual Recall (R+),F1,"# of TP","# of FP","# of FN","# of Correspondences",Time
ALL,0.13333333333333333,0.5217391304347826,0.21428571428571427,0.21238938053097348,12,78,11,90,0
CLASSES,0.13333333333333333,0.631578947368421,0.3,0.22018348623853212,12,78,7,90,-
PROPERTIES,0.0,0.0,0.0,0.0,0,0,4,0,-
INSTANCES,0.0,0.0,0.0,0.0,0,0,0,0,-
