Type,Precision (P),Recall (R),Residual Recall (R+),F1,"# of TP","# of FP","# of FN","# of Correspondences",Time
ALL,0.75,0.42857142857142855,0.2,0.5454545454545454,6,2,8,8,0
CLASSES,0.75,0.46153846153846156,0.2222222222222222,0.5714285714285714,6,2,7,8,-
PROPERTIES,0.0,0.0,0.0,0.0,0,0,1,0,-
INSTANCES,0.0,0.0,0.0,0.0,0,0,0,0,-
