Type,Precision (P),Recall (R),Residual Recall (R+),F1,"# of TP","# of FP","# of FN","# of Correspondences",Time
ALL,0.8333333333333334,0.3125,0.08333333333333333,0.45454545454545453,5,1,11,6,0
CLASSES,0.8333333333333334,0.5,0.16666666666666666,0.625,5,1,5,6,-
PROPERTIES,0.0,0.0,0.0,0.0,0,0,6,0,-
INSTANCES,0.0,0.0,0.0,0.0,0,0,0,0,-
