Type,Precision (P),Recall (R),Residual Recall (R+),F1,"# of TP","# of FP","# of FN","# of Correspondences",Time
ALL,0.7333333333333333,0.7333333333333333,0.42857142857142855,0.7333333333333333,11,4,4,15,0
CLASSES,0.7692307692307693,0.8333333333333334,0.5,0.8,10,3,2,13,-
PROPERTIES,0.5,0.3333333333333333,0.3333333333333333,0.4,1,1,2,2,-
INSTANCES,0.0,0.0,0.0,0.0,0,0,0,0,-
