Type,Precision (P),Recall (R),Residual Recall (R+),F1,"# of TP","# of FP","# of FN","# of Correspondences",Time
ALL,0.75,0.631578947368421,0.4166666666666667,0.6857142857142857,12,4,7,16,0
CLASSES,0.75,0.631578947368421,0.4166666666666667,0.6857142857142857,12,4,7,16,-
PROPERTIES,0.0,0.0,0.0,0.0,0,0,0,0,-
INSTANCES,0.0,0.0,0.0,0.0,0,0,0,0,-
