Type,Precision (P),Recall (R),Residual Recall (R+),F1,"# of TP","# of FP","# of FN","# of Correspondences",Time
ALL,0.8888888888888888,0.5714285714285714,0.4,0.6956521739130435,8,1,6,9,0
CLASSES,0.8888888888888888,0.6153846153846154,0.4444444444444444,0.7272727272727274,8,1,5,9,-
PROPERTIES,0.0,0.0,0.0,0.0,0,0,1,0,-
INSTANCES,0.0,0.0,0.0,0.0,0,0,0,0,-
