Type,Precision (P),Recall (R),Residual Recall (R+),F1,"# of TP","# of FP","# of FN","# of Correspondences",Time
ALL,0.3684210526315789,0.4666666666666667,0.2727272727272727,0.4117647058823529,7,12,8,19,0
CLASSES,0.3684210526315789,0.5833333333333334,0.375,0.4516129032258065,7,12,5,19,-
PROPERTIES,0.0,0.0,0.0,0.0,0,0,3,0,-
INSTANCES,0.0,0.0,0.0,0.0,0,0,0,0,-
