Type,Precision (P),Recall (R),Residual Recall (R+),F1,"# of TP","# of FP","# of FN","# of Correspondences",Time
ALL,0.7222222222222222,0.8666666666666667,0.5,0.7878787878787877,13,5,2,18,0
CLASSES,0.8125,0.8666666666666667,0.5,0.8387096774193549,13,3,2,16,-
PROPERTIES,0.0,0.0,0.0,0.0,0,2,0,2,-
INSTANCES,0.0,0.0,0.0,0.0,0,0,0,0,-
