Type,Precision (P),Recall (R),Residual Recall (R+),F1,"# of TP","# of FP","# of FN","# of Correspondences",Time
ALL,0.6666666666666666,0.5454545454545454,0.16666666666666666,0.6,6,3,5,9,0
CLASSES,0.6666666666666666,0.75,0.3333333333333333,0.7058823529411765,6,3,2,9,-
PROPERTIES,0.0,0.0,0.0,0.0,0,0,3,0,-
INSTANCES,0.0,0.0,0.0,0.0,0,0,0,0,-
