Type,Precision (P),Recall (R),Residual Recall (R+),F1,"# of TP","# of FP","# of FN","# of Correspondences",Time
ALL,0.6190476190476191,0.8666666666666667,0.5,0.7222222222222222,13,8,2,21,0
CLASSES,0.6842105263157895,0.8666666666666667,0.5,0.7647058823529413,13,6,2,19,-
PROPERTIES,0.0,0.0,0.0,0.0,0,2,0,2,-
INSTANCES,0.0,0.0,0.0,0.0,0,0,0,0,-
