Type,Precision (P),Recall (R),Residual Recall (R+),F1,"# of TP","# of FP","# of FN","# of Correspondences",Time
ALL,0.6363636363636364,0.6363636363636364,0.3333333333333333,0.6363636363636364,7,4,4,11,0
CLASSES,1.0,0.875,0.6666666666666666,0.9333333333333333,7,0,1,7,-
PROPERTIES,0.0,0.0,0.0,0.0,0,4,3,4,-
INSTANCES,0.0,0.0,0.0,0.0,0,0,0,0,-
