Type,Precision (P),Recall (R),Residual Recall (R+),F1,"# of TP","# of FP","# of FN","# of Correspondences",Time
ALL,0.23809523809523808,0.5555555555555556,0.2,0.33333333333333326,5,16,4,21,0
CLASSES,0.23809523809523808,0.5555555555555556,0.2,0.33333333333333326,5,16,4,21,-
PROPERTIES,0.0,0.0,0.0,0.0,0,0,0,0,-
INSTANCES,0.0,0.0,0.0,0.0,0,0,0,0,-
