Type,Precision (P),Recall (R),Residual Recall (R+),F1,"# of TP","# of FP","# of FN","# of Correspondences",Time
ALL,0.7222222222222222,0.8666666666666667,0.7142857142857143,0.7878787878787877,13,5,2,18,0
CLASSES,0.75,1.0,1.0,0.8571428571428571,12,4,0,16,-
PROPERTIES,0.5,0.3333333333333333,0.3333333333333333,0.4,1,1,2,2,-
INSTANCES,0.0,0.0,0.0,0.0,0,0,0,0,-
