Type,Precision (P),Recall (R),Residual Recall (R+),F1,"# of TP","# of FP","# of FN","# of Correspondences",Time
ALL,0.8181818181818182,0.6,0.45454545454545453,0.6923076923076923,9,2,6,11,0
CLASSES,0.8,0.6666666666666666,0.5,0.7272727272727272,8,2,4,10,-
PROPERTIES,1.0,0.3333333333333333,0.3333333333333333,0.5,1,0,2,1,-
INSTANCES,0.0,0.0,0.0,0.0,0,0,0,0,-
