Type,Precision (P),Recall (R),Residual Recall (R+),F1,"# of TP","# of FP","# of FN","# of Correspondences",Time
ALL,0.21818181818181817,0.8,0.25,0.34285714285714286,12,43,3,55,0
CLASSES,0.21818181818181817,0.8,0.25,0.34285714285714286,12,43,3,55,-
PROPERTIES,0.0,0.0,0.0,0.0,0,0,0,0,-
INSTANCES,0.0,0.0,0.0,0.0,0,0,0,0,-
