Type,Precision (P),Recall (R),Residual Recall (R+),F1,"# of TP","# of FP","# of FN","# of Correspondences",Time
ALL,0.45,0.5294117647058824,0.2,0.48648648648648646,9,11,8,20,0
CLASSES,0.45,0.6428571428571429,0.2857142857142857,0.5294117647058824,9,11,5,20,-
PROPERTIES,0.0,0.0,0.0,0.0,0,0,3,0,-
INSTANCES,0.0,0.0,0.0,0.0,0,0,0,0,-
