Type,Precision (P),Recall (R),Residual Recall (R+),F1,"# of TP","# of FP","# of FN","# of Correspondences",Time
ALL,0.6,0.5454545454545454,0.16666666666666666,0.5714285714285713,6,4,5,10,0
CLASSES,1.0,0.75,0.3333333333333333,0.8571428571428571,6,0,2,6,-
PROPERTIES,0.0,0.0,0.0,0.0,0,4,3,4,-
INSTANCES,0.0,0.0,0.0,0.0,0,0,0,0,-
