Type,Precision (P),Recall (R),Residual Recall (R+),F1,"# of TP","# of FP","# of FN","# of Correspondences",Time
ALL,0.8571428571428571,0.42857142857142855,0.2,0.5714285714285714,6,1,8,7,0
CLASSES,0.8571428571428571,0.46153846153846156,0.2222222222222222,0.6,6,1,7,7,-
PROPERTIES,0.0,0.0,0.0,0.0,0,0,1,0,-
INSTANCES,0.0,0.0,0.0,0.0,0,0,0,0,-
