Type,Precision (P),Recall (R),Residual Recall (R+),F1,"# of TP","# of FP","# of FN","# of Correspondences",Time
ALL,0.391304347826087,0.6,0.14285714285714285,0.47368421052631576,9,14,6,23,0
CLASSES,0.391304347826087,0.75,0.25,0.5142857142857143,9,14,3,23,-
PROPERTIES,0.0,0.0,0.0,0.0,0,0,3,0,-
INSTANCES,0.0,0.0,0.0,0.0,0,0,0,0,-
