Type,Precision (P),Recall (R),Residual Recall (R+),F1,"# of TP","# of FP","# of FN","# of Correspondences",Time
ALL,0.15151515151515152,0.35714285714285715,0.1,0.21276595744680848,5,28,9,33,0
CLASSES,0.15151515151515152,0.38461538461538464,0.1111111111111111,0.21739130434782608,5,28,8,33,-
PROPERTIES,0.0,0.0,0.0,0.0,0,0,1,0,-
INSTANCES,0.0,0.0,0.0,0.0,0,0,0,0,-
