Type,Precision (P),Recall (R),Residual Recall (R+),F1,"# of TP","# of FP","# of FN","# of Correspondences",Time
ALL,0.8181818181818182,0.6428571428571429,0.5,0.7200000000000001,9,2,5,11,0
CLASSES,0.8181818181818182,0.6923076923076923,0.5555555555555556,0.7500000000000001,9,2,4,11,-
PROPERTIES,0.0,0.0,0.0,0.0,0,0,1,0,-
INSTANCES,0.0,0.0,0.0,0.0,0,0,0,0,-
