Type,Precision (P),Recall (R),Residual Recall (R+),F1,"# of TP","# of FP","# of FN","# of Correspondences",Time
ALL,0.24324324324324326,0.5294117647058824,0.2,0.33333333333333337,9,28,8,37,0
CLASSES,0.24324324324324326,0.6428571428571429,0.2857142857142857,0.35294117647058826,9,28,5,37,-
PROPERTIES,0.0,0.0,0.0,0.0,0,0,3,0,-
INSTANCES,0.0,0.0,0.0,0.0,0,0,0,0,-
