Type,Precision (P),Recall (R),Residual Recall (R+),F1,"# of TP","# of FP","# of FN","# of Correspondences",Time
ALL,0.5833333333333334,0.6363636363636364,0.3333333333333333,0.6086956521739131,7,5,4,12,0
CLASSES,0.875,0.875,0.6666666666666666,0.875,7,1,1,8,-
PROPERTIES,0.0,0.0,0.0,0.0,0,4,3,4,-
INSTANCES,0.0,0.0,0.0,0.0,0,0,0,0,-
