Type,Precision (P),Recall (R),Residual Recall (R+),F1,"# of TP","# of FP","# of FN","# of Correspondences",Time
ALL,0.7272727272727273,0.6153846153846154,0.0,0.6666666666666667,8,3,5,11,0
CLASSES,0.7272727272727273,1.0,0.0,0.8421052631578948,8,3,0,11,-
PROPERTIES,0.0,0.0,0.0,0.0,0,0,5,0,-
INSTANCES,0.0,0.0,0.0,0.0,0,0,0,0,-
