Type,Precision (P),Recall (R),Residual Recall (R+),F1,"# of TP","# of FP","# of FN","# of Correspondences",Time
ALL,0.2857142857142857,0.5882352941176471,0.3,0.3846153846153846,10,25,7,35,0
CLASSES,0.2857142857142857,0.7142857142857143,0.42857142857142855,0.40816326530612246,10,25,4,35,-
PROPERTIES,0.0,0.0,0.0,0.0,0,0,3,0,-
INSTANCES,0.0,0.0,0.0,0.0,0,0,0,0,-
