Type,Precision (P),Recall (R),Residual Recall (R+),F1,"# of TP","# of FP","# of FN","# of Correspondences",Time
ALL,0.6875,0.88,0.8235294117647058,0.7719298245614036,22,10,3,32,0
CLASSES,0.7,0.9130434782608695,0.8666666666666667,0.7924528301886793,21,9,2,30,-
PROPERTIES,0.5,0.5,0.5,0.5,1,1,1,2,-
INSTANCES,0.0,0.0,0.0,0.0,0,0,0,0,-
