Type,Precision (P),Recall (R),Residual Recall (R+),F1,"# of TP","# of FP","# of FN","# of Correspondences",Time
ALL,0.7142857142857143,0.7142857142857143,0.3333333333333333,0.7142857142857143,5,2,2,7,0
CLASSES,0.7142857142857143,0.8333333333333334,0.5,0.7692307692307692,5,2,1,7,-
PROPERTIES,0.0,0.0,0.0,0.0,0,0,1,0,-
INSTANCES,0.0,0.0,0.0,0.0,0,0,0,0,-
