Type,Precision (P),Recall (R),Residual Recall (R+),F1,"# of TP","# of FP","# of FN","# of Correspondences",Time
ALL,0.5454545454545454,0.5454545454545454,0.16666666666666666,0.5454545454545454,6,5,5,11,0
CLASSES,0.8571428571428571,0.75,0.3333333333333333,0.7999999999999999,6,1,2,7,-
PROPERTIES,0.0,0.0,0.0,0.0,0,4,3,4,-
INSTANCES,0.0,0.0,0.0,0.0,0,0,0,0,-
