Type,Precision (P),Recall (R),Residual Recall (R+),F1,"# of TP","# of FP","# of FN","# of Correspondences",Time
ALL,0.7272727272727273,0.5333333333333333,0.125,0.6153846153846153,8,3,7,11,0
CLASSES,0.8,0.7272727272727273,0.25,0.761904761904762,8,2,3,10,-
PROPERTIES,0.0,0.0,0.0,0.0,0,1,4,1,-
INSTANCES,0.0,0.0,0.0,0.0,0,0,0,0,-
