Type,Precision (P),Recall (R),Residual Recall (R+),F1,"# of TP","# of FP","# of FN","# of Correspondences",Time
ALL,0.7619047619047619,0.9411764705882353,0.9,0.8421052631578947,16,5,1,21,0
CLASSES,0.8235294117647058,1.0,1.0,0.9032258064516129,14,3,0,17,-
PROPERTIES,0.5,0.6666666666666666,0.6666666666666666,0.5714285714285715,2,2,1,4,-
INSTANCES,0.0,0.0,0.0,0.0,0,0,0,0,-
