Type,Precision (P),Recall (R),Residual Recall (R+),F1,"# of TP","# of FP","# of FN","# of Correspondences",Time
ALL,0.7857142857142857,0.5789473684210527,0.3333333333333333,0.6666666666666667,11,3,8,14,0
CLASSES,0.7857142857142857,0.5789473684210527,0.3333333333333333,0.6666666666666667,11,3,8,14,-
PROPERTIES,0.0,0.0,0.0,0.0,0,0,0,0,-
INSTANCES,0.0,0.0,0.0,0.0,0,0,0,0,-
