Type,Precision (P),Recall (R),Residual Recall (R+),F1,"# of TP","# of FP","# of FN","# of Correspondences",Time
ALL,1.0,0.7142857142857143,0.3333333333333333,0.8333333333333333,5,0,2,5,0
CLASSES,1.0,0.8333333333333334,0.5,0.9090909090909091,5,0,1,5,-
PROPERTIES,0.0,0.0,0.0,0.0,0,0,1,0,-
INSTANCES,0.0,0.0,0.0,0.0,0,0,0,0,-
