Type,Precision (P),Recall (R),Residual Recall (R+),F1,"# of TP","# of FP","# of FN","# of Correspondences",Time
ALL,0.7916666666666666,0.8260869565217391,0.7142857142857143,0.8085106382978724,19,5,4,24,0
CLASSES,0.85,0.8947368421052632,0.8,0.8717948717948718,17,3,2,20,-
PROPERTIES,0.5,0.5,0.5,0.5,2,2,2,4,-
INSTANCES,0.0,0.0,0.0,0.0,0,0,0,0,-
