Type,Precision (P),Recall (R),Residual Recall (R+),F1,"# of TP","# of FP","# of FN","# of Correspondences",Time
ALL,0.10416666666666667,0.35714285714285715,0.1,0.16129032258064516,5,43,9,48,0
CLASSES,0.10416666666666667,0.38461538461538464,0.1111111111111111,0.16393442622950818,5,43,8,48,-
PROPERTIES,0.0,0.0,0.0,0.0,0,0,1,0,-
INSTANCES,0.0,0.0,0.0,0.0,0,0,0,0,-
