Type,Precision (P),Recall (R),Residual Recall (R+),F1,"# of TP","# of FP","# of FN","# of Correspondences",Time
ALL,0.46153846153846156,0.4,0.18181818181818182,0.42857142857142855,6,7,9,13,0
CLASSES,0.46153846153846156,0.5,0.25,0.48000000000000004,6,7,6,13,-
PROPERTIES,0.0,0.0,0.0,0.0,0,0,3,0,-
INSTANCES,0.0,0.0,0.0,0.0,0,0,0,0,-
