Type,Precision (P),Recall (R),Residual Recall (R+),F1,"# of TP","# of FP","# of FN","# of Correspondences",Time
ALL,0.6896551724137931,0.8,0.7058823529411765,0.7407407407407408,20,9,5,29,0
CLASSES,0.7037037037037037,0.8260869565217391,0.7333333333333333,0.76,19,8,4,27,-
PROPERTIES,0.5,0.5,0.5,0.5,1,1,1,2,-
INSTANCES,0.0,0.0,0.0,0.0,0,0,0,0,-
