Type,Precision (P),Recall (R),Residual Recall (R+),F1,"# of TP","# of FP","# of FN","# of Correspondences",Time
ALL,0.28205128205128205,0.44,0.17647058823529413,0.34375,11,28,14,39,0
CLASSES,0.28205128205128205,0.4782608695652174,0.2,0.3548387096774194,11,28,12,39,-
PROPERTIES,0.0,0.0,0.0,0.0,0,0,2,0,-
INSTANCES,0.0,0.0,0.0,0.0,0,0,0,0,-
