Type,Precision (P),Recall (R),Residual Recall (R+),F1,"# of TP","# of FP","# of FN","# of Correspondences",Time
ALL,0.8571428571428571,0.375,0.16666666666666666,0.5217391304347825,6,1,10,7,0
CLASSES,0.8333333333333334,0.5,0.16666666666666666,0.625,5,1,5,6,-
PROPERTIES,1.0,0.16666666666666666,0.16666666666666666,0.2857142857142857,1,0,5,1,-
INSTANCES,0.0,0.0,0.0,0.0,0,0,0,0,-
