Type,Precision (P),Recall (R),Residual Recall (R+),F1,"# of TP","# of FP","# of FN","# of Correspondences",Time
ALL,0.4,0.5217391304347826,0.21428571428571427,0.4528301886792453,12,18,11,30,0
CLASSES,0.4,0.631578947368421,0.3,0.4897959183673469,12,18,7,30,-
PROPERTIES,0.0,0.0,0.0,0.0,0,0,4,0,-
INSTANCES,0.0,0.0,0.0,0.0,0,0,0,0,-
