Type,Precision (P),Recall (R),Residual Recall (R+),F1,"# of TP","# of FP","# of FN","# of Correspondences",Time
ALL,0.38461538461538464,0.6666666666666666,0.2857142857142857,0.4878048780487804,10,16,5,26,0
CLASSES,0.38461538461538464,0.8333333333333334,0.5,0.5263157894736842,10,16,2,26,-
PROPERTIES,0.0,0.0,0.0,0.0,0,0,3,0,-
INSTANCES,0.0,0.0,0.0,0.0,0,0,0,0,-
