Type,Precision (P),Recall (R),Residual Recall (R+),F1,"# of TP","# of FP","# of FN","# of Correspondences",Time
ALL,0.36666666666666664,0.7333333333333333,0.0,0.4888888888888889,11,19,4,30,0
CLASSES,0.36666666666666664,0.7333333333333333,0.0,0.4888888888888889,11,19,4,30,-
PROPERTIES,0.0,0.0,0.0,0.0,0,0,0,0,-
INSTANCES,0.0,0.0,0.0,0.0,0,0,0,0,-
