Type,Precision (P),Recall (R),Residual Recall (R+),F1,"# of TP","# of FP","# of FN","# of Correspondences",Time
ALL,0.7333333333333333,0.7333333333333333,0.6363636363636364,0.7333333333333333,11,4,4,15,0
CLASSES,0.7142857142857143,0.8333333333333334,0.75,0.7692307692307692,10,4,2,14,-
PROPERTIES,1.0,0.3333333333333333,0.3333333333333333,0.5,1,0,2,1,-
INSTANCES,0.0,0.0,0.0,0.0,0,0,0,0,-
