Type,Precision (P),Recall (R),Residual Recall (R+),F1,"# of TP","# of FP","# of FN","# of Correspondences",Time
ALL,0.5789473684210527,0.7333333333333333,0.0,0.6470588235294117,11,8,4,19,0
CLASSES,0.6470588235294118,0.7333333333333333,0.0,0.6875,11,6,4,17,-
PROPERTIES,0.0,0.0,0.0,0.0,0,2,0,2,-
INSTANCES,0.0,0.0,0.0,0.0,0,0,0,0,-
