Type,Precision (P),Recall (R),Residual Recall (R+),F1,"# of TP","# of FP","# of FN","# of Correspondences",Time
ALL,0.8333333333333334,0.6666666666666666,0.375,0.7407407407407408,10,2,5,12,0
CLASSES,0.9090909090909091,0.9090909090909091,0.75,0.9090909090909091,10,1,1,11,-
PROPERTIES,0.0,0.0,0.0,0.0,0,1,4,1,-
INSTANCES,0.0,0.0,0.0,0.0,0,0,0,0,-
