Type,Precision (P),Recall (R),Residual Recall (R+),F1,"# of TP","# of FP","# of FN","# of Correspondences",Time
ALL,0.6111111111111112,0.7333333333333333,0.0,0.6666666666666666,11,7,4,18,0
CLASSES,0.6875,0.7333333333333333,0.0,0.7096774193548386,11,5,4,16,-
PROPERTIES,0.0,0.0,0.0,0.0,0,2,0,2,-
INSTANCES,0.0,0.0,0.0,0.0,0,0,0,0,-
