Type,Precision (P),Recall (R),Residual Recall (R+),F1,"# of TP","# of FP","# of FN","# of Correspondences",Time
ALL,0.8333333333333334,0.7894736842105263,0.6666666666666666,0.8108108108108109,15,3,4,18,0
CLASSES,0.8333333333333334,0.7894736842105263,0.6666666666666666,0.8108108108108109,15,3,4,18,-
PROPERTIES,0.0,0.0,0.0,0.0,0,0,0,0,-
INSTANCES,0.0,0.0,0.0,0.0,0,0,0,0,-
