Type,Precision (P),Recall (R),Residual Recall (R+),F1,"# of TP","# of FP","# of FN","# of Correspondences",Time
ALL,0.55,0.7333333333333333,0.0,0.6285714285714286,11,9,4,20,0
CLASSES,0.6111111111111112,0.7333333333333333,0.0,0.6666666666666666,11,7,4,18,-
PROPERTIES,0.0,0.0,0.0,0.0,0,2,0,2,-
INSTANCES,0.0,0.0,0.0,0.0,0,0,0,0,-
