Type,Precision (P),Recall (R),Residual Recall (R+),F1,"# of TP","# of FP","# of FN","# of Correspondences",Time
ALL,0.6956521739130435,0.9411764705882353,0.9,0.7999999999999999,16,7,1,23,0
CLASSES,0.7368421052631579,1.0,1.0,0.8484848484848484,14,5,0,19,-
PROPERTIES,0.5,0.6666666666666666,0.6666666666666666,0.5714285714285715,2,2,1,4,-
INSTANCES,0.0,0.0,0.0,0.0,0,0,0,0,-
