Type,Precision (P),Recall (R),Residual Recall (R+),F1,"# of TP","# of FP","# of FN","# of Correspondences",Time
ALL,0.72,0.782608695652174,0.6428571428571429,0.7499999999999999,18,7,5,25,0
CLASSES,0.7619047619047619,0.8421052631578947,0.7,0.8,16,5,3,21,-
PROPERTIES,0.5,0.5,0.5,0.5,2,2,2,4,-
INSTANCES,0.0,0.0,0.0,0.0,0,0,0,0,-
