Type,Precision (P),Recall (R),Residual Recall (R+),F1,"# of TP","# of FP","# of FN","# of Correspondences",Time
ALL,0.6428571428571429,0.72,0.5882352941176471,0.6792452830188679,18,10,7,28,0
CLASSES,0.6538461538461539,0.7391304347826086,0.6,0.693877551020408,17,9,6,26,-
PROPERTIES,0.5,0.5,0.5,0.5,1,1,1,2,-
INSTANCES,0.0,0.0,0.0,0.0,0,0,0,0,-
