Type,Precision (P),Recall (R),Residual Recall (R+),F1,"# of TP","# of FP","# of FN","# of Correspondences",Time
ALL,0.7777777777777778,0.4666666666666667,0.0,0.5833333333333334,7,2,8,9,0
CLASSES,0.875,0.6363636363636364,0.0,0.7368421052631579,7,1,4,8,-
PROPERTIES,0.0,0.0,0.0,0.0,0,1,4,1,-
INSTANCES,0.0,0.0,0.0,0.0,0,0,0,0,-
