Type,Precision (P),Recall (R),Residual Recall (R+),F1,"# of TP","# of FP","# of FN","# of Correspondences",Time
ALL,0.75,0.8823529411764706,0.8,0.8108108108108107,15,5,2,20,0
CLASSES,0.8125,0.9285714285714286,0.8571428571428571,0.8666666666666666,13,3,1,16,-
PROPERTIES,0.5,0.6666666666666666,0.6666666666666666,0.5714285714285715,2,2,1,4,-
INSTANCES,0.0,0.0,0.0,0.0,0,0,0,0,-
