Type,Precision (P),Recall (R),Residual Recall (R+),F1,"# of TP","# of FP","# of FN","# of Correspondences",Time
ALL,0.8888888888888888,0.5333333333333333,0.125,0.6666666666666667,8,1,7,9,0
CLASSES,0.8888888888888888,0.7272727272727273,0.25,0.7999999999999999,8,1,3,9,-
PROPERTIES,0.0,0.0,0.0,0.0,0,0,4,0,-
INSTANCES,0.0,0.0,0.0,0.0,0,0,0,0,-
