Type,Precision (P),Recall (R),Residual Recall (R+),F1,"# of TP","# of FP","# of FN","# of Correspondences",Time
ALL,0.5238095238095238,0.5789473684210527,0.2222222222222222,0.5500000000000002,11,10,8,21,0
CLASSES,0.5238095238095238,0.7857142857142857,0.4,0.6285714285714286,11,10,3,21,-
PROPERTIES,0.0,0.0,0.0,0.0,0,0,5,0,-
INSTANCES,0.0,0.0,0.0,0.0,0,0,0,0,-
