Type,Precision (P),Recall (R),Residual Recall (R+),F1,"# of TP","# of FP","# of FN","# of Correspondences",Time
ALL,0.16129032258064516,0.5263157894736842,0.25,0.2469135802469136,10,52,9,62,0
CLASSES,0.16129032258064516,0.5263157894736842,0.25,0.2469135802469136,10,52,9,62,-
PROPERTIES,0.0,0.0,0.0,0.0,0,0,0,0,-
INSTANCES,0.0,0.0,0.0,0.0,0,0,0,0,-
