Type,Precision (P),Recall (R),Residual Recall (R+),F1,"# of TP","# of FP","# of FN","# of Correspondences",Time
ALL,0.8,0.7058823529411765,0.5,0.7500000000000001,12,3,5,15,0
CLASSES,0.9090909090909091,0.7142857142857143,0.42857142857142855,0.8,10,1,4,11,-
PROPERTIES,0.5,0.6666666666666666,0.6666666666666666,0.5714285714285715,2,2,1,4,-
INSTANCES,0.0,0.0,0.0,0.0,0,0,0,0,-
