Type,Precision (P),Recall (R),Residual Recall (R+),F1,"# of TP","# of FP","# of FN","# of Correspondences",Time
ALL,0.7692307692307693,0.8695652173913043,0.7857142857142857,0.8163265306122449,20,6,3,26,0
CLASSES,0.8181818181818182,0.9473684210526315,0.9,0.8780487804878049,18,4,1,22,-
PROPERTIES,0.5,0.5,0.5,0.5,2,2,2,4,-
INSTANCES,0.0,0.0,0.0,0.0,0,0,0,0,-
