Type,Precision (P),Recall (R),Residual Recall (R+),F1,"# of TP","# of FP","# of FN","# of Correspondences",Time
ALL,0.8,0.5333333333333333,0.36363636363636365,0.64,8,2,7,10,0
CLASSES,0.7777777777777778,0.5833333333333334,0.375,0.6666666666666666,7,2,5,9,-
PROPERTIES,1.0,0.3333333333333333,0.3333333333333333,0.5,1,0,2,1,-
INSTANCES,0.0,0.0,0.0,0.0,0,0,0,0,-
