Type,Precision (P),Recall (R),Residual Recall (R+),F1,"# of TP","# of FP","# of FN","# of Correspondences",Time
ALL,0.2,0.35714285714285715,0.1,0.25641025641025644,5,20,9,25,0
CLASSES,0.2,0.38461538461538464,0.1111111111111111,0.2631578947368421,5,20,8,25,-
PROPERTIES,0.0,0.0,0.0,0.0,0,0,1,0,-
INSTANCES,0.0,0.0,0.0,0.0,0,0,0,0,-
