Type,Precision (P),Recall (R),Residual Recall (R+),F1,"# of TP","# of FP","# of FN","# of Correspondences",Time
ALL,0.20588235294117646,0.4666666666666667,0.0,0.28571428571428564,7,27,8,34,0
CLASSES,0.20588235294117646,0.6363636363636364,0.0,0.3111111111111111,7,27,4,34,-
PROPERTIES,0.0,0.0,0.0,0.0,0,0,4,0,-
INSTANCES,0.0,0.0,0.0,0.0,0,0,0,0,-
