Type,Precision (P),Recall (R),Residual Recall (R+),F1,"# of TP","# of FP","# of FN","# of Correspondences",Time
ALL,0.76,0.8260869565217391,0.7142857142857143,0.7916666666666667,19,6,4,25,0
CLASSES,0.8095238095238095,0.8947368421052632,0.8,0.8500000000000001,17,4,2,21,-
PROPERTIES,0.5,0.5,0.5,0.5,2,2,2,4,-
INSTANCES,0.0,0.0,0.0,0.0,0,0,0,0,-
