Type,Precision (P),Recall (R),Residual Recall (R+),F1,"# of TP","# of FP","# of FN","# of Correspondences",Time
ALL,0.2765957446808511,0.52,0.29411764705882354,0.36111111111111105,13,34,12,47,0
CLASSES,0.2765957446808511,0.5652173913043478,0.3333333333333333,0.37142857142857144,13,34,10,47,-
PROPERTIES,0.0,0.0,0.0,0.0,0,0,2,0,-
INSTANCES,0.0,0.0,0.0,0.0,0,0,0,0,-
