Type,Precision (P),Recall (R),Residual Recall (R+),F1,"# of TP","# of FP","# of FN","# of Correspondences",Time
ALL,0.6875,0.7333333333333333,0.42857142857142855,0.7096774193548386,11,5,4,16,0
CLASSES,0.7142857142857143,0.8333333333333334,0.5,0.7692307692307692,10,4,2,14,-
PROPERTIES,0.5,0.3333333333333333,0.3333333333333333,0.4,1,1,2,2,-
INSTANCES,0.0,0.0,0.0,0.0,0,0,0,0,-
