Type,Precision (P),Recall (R),Residual Recall (R+),F1,"# of TP","# of FP","# of FN","# of Correspondences",Time
ALL,0.35714285714285715,0.5263157894736842,0.1111111111111111,0.425531914893617,10,18,9,28,0
CLASSES,0.35714285714285715,0.7142857142857143,0.2,0.4761904761904762,10,18,4,28,-
PROPERTIES,0.0,0.0,0.0,0.0,0,0,5,0,-
INSTANCES,0.0,0.0,0.0,0.0,0,0,0,0,-
