Type,Precision (P),Recall (R),Residual Recall (R+),F1,"# of TP","# of FP","# of FN","# of Correspondences",Time
ALL,0.7096774193548387,0.88,0.8235294117647058,0.7857142857142856,22,9,3,31,0
CLASSES,0.7241379310344828,0.9130434782608695,0.8666666666666667,0.8076923076923076,21,8,2,29,-
PROPERTIES,0.5,0.5,0.5,0.5,1,1,1,2,-
INSTANCES,0.0,0.0,0.0,0.0,0,0,0,0,-
