Type,Precision (P),Recall (R),Residual Recall (R+),F1,"# of TP","# of FP","# of FN","# of Correspondences",Time
ALL,0.12698412698412698,0.42105263157894735,0.08333333333333333,0.1951219512195122,8,55,11,63,0
CLASSES,0.12698412698412698,0.42105263157894735,0.08333333333333333,0.1951219512195122,8,55,11,63,-
PROPERTIES,0.0,0.0,0.0,0.0,0,0,0,0,-
INSTANCES,0.0,0.0,0.0,0.0,0,0,0,0,-
