Type,Precision (P),Recall (R),Residual Recall (R+),F1,"# of TP","# of FP","# of FN","# of Correspondences",Time
ALL,0.7894736842105263,0.7894736842105263,0.6666666666666666,0.7894736842105263,15,4,4,19,0
CLASSES,0.7894736842105263,0.7894736842105263,0.6666666666666666,0.7894736842105263,15,4,4,19,-
PROPERTIES,0.0,0.0,0.0,0.0,0,0,0,0,-
INSTANCES,0.0,0.0,0.0,0.0,0,0,0,0,-
