Type,Precision (P),Recall (R),Residual Recall (R+),F1,"# of TP","# of FP","# of FN","# of Correspondences",Time
ALL,0.75,0.8,0.625,0.7741935483870969,12,4,3,16,0
CLASSES,0.8181818181818182,0.8181818181818182,0.5,0.8181818181818182,9,2,2,11,-
PROPERTIES,0.6,0.75,0.75,0.6666666666666665,3,2,1,5,-
INSTANCES,0.0,0.0,0.0,0.0,0,0,0,0,-
