Type,Precision (P),Recall (R),Residual Recall (R+),F1,"# of TP","# of FP","# of FN","# of Correspondences",Time
ALL,0.3,0.47368421052631576,0.16666666666666666,0.3673469387755102,9,21,10,30,0
CLASSES,0.3,0.47368421052631576,0.16666666666666666,0.3673469387755102,9,21,10,30,-
PROPERTIES,0.0,0.0,0.0,0.0,0,0,0,0,-
INSTANCES,0.0,0.0,0.0,0.0,0,0,0,0,-
