Type,Precision (P),Recall (R),Residual Recall (R+),F1,"# of TP","# of FP","# of FN","# of Correspondences",Time
ALL,0.7058823529411765,0.8,0.5714285714285714,0.7500000000000001,12,5,3,17,0
CLASSES,0.7333333333333333,0.9166666666666666,0.75,0.8148148148148148,11,4,1,15,-
PROPERTIES,0.5,0.3333333333333333,0.3333333333333333,0.4,1,1,2,2,-
INSTANCES,0.0,0.0,0.0,0.0,0,0,0,0,-
