Type,Precision (P),Recall (R),Residual Recall (R+),F1,"# of TP","# of FP","# of FN","# of Correspondences",Time
ALL,0.6666666666666666,0.7692307692307693,0.4,0.7142857142857142,10,5,3,15,0
CLASSES,0.8,1.0,0.0,0.888888888888889,8,2,0,10,-
PROPERTIES,0.4,0.4,0.4,0.4000000000000001,2,3,3,5,-
INSTANCES,0.0,0.0,0.0,0.0,0,0,0,0,-
